{
  "direct_ModernBERT-base-biomedical-ner": {
    "precision": 0.7924917491749176,
    "recall": 0.7693231878253908,
    "f1": 0.7807356228408862
  },
  "direct_ModernBERT-base-biomedical-ner_old": {
    "precision": 0.7239382239382237,
    "recall": 0.6007208650380457,
    "f1": 0.6565988181221274
  },
  "direct_ClinicalBERT-AE-NER_old": {
    "precision": 0.6490486257928119,
    "recall": 0.6147376852222666,
    "f1": 0.6314273961332785
  },
  "direct_ClinicalBERT-AE-NER": {
    "precision": 0.7367807153965786,
    "recall": 0.7589106928313977,
    "f1": 0.7476819885579007
  },
  "direct_ClinicalBERT-AE-NER_enhanced_old": {
    "precision": 0.6759136944077498,
    "recall": 0.6147376852222666,
    "f1": 0.6438758389261744
  },
  "direct_Bio_ClinicalBERT_old": {
    "precision": 0.3616223585548738,
    "recall": 0.42490989187024447,
    "f1": 0.3907199410789909
  },
  "Direct LLM": {
    "precision": 0.8664984126984128,
    "recall": 0.8060535714285715,
    "f1": 0.8218502340796459
  },
  "Validator LLM": {
    "precision": 0.864315873015873,
    "recall": 0.8068452380952381,
    "f1": 0.8216375802302273
  }
}