{
  "Bio_ClinicalBERT (Direct)": {
    "precision": 0.0,
    "recall": 0.0,
    "f1": 0.0
  },
  "Direct LLM": {
    "precision": 0.7901111111111111,
    "recall": 0.7784166666666666,
    "f1": 0.767155929038282
  },
  "DSPy": {
    "precision": 0.8267777777777777,
    "recall": 0.7100833333333334,
    "f1": 0.7430130718954249
  }
}