{
  "Direct LLM": {
    "overall": {
      "precision": 0.7713333333333334,
      "recall": 0.8393333333333334,
      "f1": 0.7982222222222223
    },
    "drug": {
      "precision": 0.96,
      "recall": 1.0,
      "f1": 0.9733333333333333
    },
    "ade": {
      "precision": 0.605,
      "recall": 0.675,
      "f1": 0.6292857142857143
    }
  },
  "DSPy LLM": {
    "overall": {
      "precision": 0.8080000000000002,
      "recall": 0.816,
      "f1": 0.8015555555555557
    },
    "drug": {
      "precision": 0.94,
      "recall": 0.98,
      "f1": 0.9533333333333333
    },
    "ade": {
      "precision": 0.625,
      "recall": 0.655,
      "f1": 0.6326190476190476
    }
  },
  "ModernBERT (Direct)": {
    "overall": {
      "precision": 0.0465169033752625,
      "recall": 0.229,
      "f1": 0.07493037950219267
    },
    "drug": {
      "precision": 0.04331746031746032,
      "recall": 0.22,
      "f1": 0.07053174603174604
    },
    "ade": {
      "precision": 0.008333333333333333,
      "recall": 0.04,
      "f1": 0.013076923076923076
    }
  },
  "ModernBERT (DSPy)": {
    "overall": {
      "precision": 0.04301796351796352,
      "recall": 0.14966666666666664,
      "f1": 0.06420359109489544
    },
    "drug": {
      "precision": 0.039967032967032974,
      "recall": 0.13,
      "f1": 0.051308524808524804
    },
    "ade": {
      "precision": 0.025936507936507938,
      "recall": 0.12,
      "f1": 0.04066666666666667
    }
  }
}