{
  "gold_results": {
    "loss": 0.2879757881164551,
    "ADE": {
      "precision": 0.725493316359007,
      "recall": 0.7899844047825334,
      "f1": 0.7563666528411448,
      "number": 5771
    },
    "DRUG": {
      "precision": 0.8322171945701358,
      "recall": 0.9115781126090404,
      "f1": 0.8700917778408553,
      "number": 5044
    },
    "overall_precision": 0.775425522906258,
    "overall_recall": 0.8466944059177068,
    "overall_f1": 0.809494342291372,
    "overall_accuracy": 0.9211080427385784,
    "runtime": 57.9637,
    "samples_per_second": 73.684,
    "steps_per_second": 18.425,
    "epoch": 1.0
  }
}