{
  "Bio_ClinicalBERT (Direct)": {
    "precision": 0.7703113135914923,
    "recall": 0.8125750901081191,
    "f1": 0.7908789709608405
  },
  "Direct LLM": {
    "precision": 0.8477777777777779,
    "recall": 0.7790499999999999,
    "f1": 0.7931788352170706
  },
  "DSPy": {
    "precision": 0.8631277777777777,
    "recall": 0.7233999999999999,
    "f1": 0.7664341354723707
  }
}